standardized_cancer,raw_cancer,modified_standardized_cancer,biomarker,therapy
Invasive Breast Carcinoma,early breast cancer,early invasive breast carcinoma,"['HER2-negative', 'ER positive']","['Tamoxifen', 'Abemaciclib']"
Invasive Breast Carcinoma,advanced or metastatic breast cancer,advanced or metastatic invasive breast carcinoma,"['HER2-negative', 'ER positive']","['Anastrozole', 'Abemaciclib']"
Prostate Adenocarcinoma,metastatic castration-resistant prostate cancer,metastatic castration-resistant prostate adenocarcinoma,['BARD1 oncogenic variants'],"['Prednisone', 'Niraparib', 'Abiraterone acetate']"
Non-Small Cell Lung Cancer,locally advanced or metastatic non-small cell lung cancer,locally advanced or metastatic non-small cell lung cancer,['KRAS p.G12C'],['Adagrasib']
Invasive Breast Carcinoma,metastatic breast cancer,metastatic invasive breast carcinoma,['HER2-positive'],['Trastuzumab emtansine']
Non-Small Cell Lung Cancer,metastatic non-small cell lung cancer,metastatic non-small cell lung cancer,['EGFR somatic variants'],['Afatinib']
Non-Small Cell Lung Cancer,non-small cell lung cancer,non-small cell lung cancer,['v::ALK'],['Alectinib']
APL with PML-RARA,low-risk acute promyelocytic leukemia (APL),low-risk apl with pml-rara,['PML::RARA'],['Arsenic trioxide']
APL with PML-RARA,acute promyelocytic leukemia (APL),apl with pml-rara,['PML::RARA'],['Arsenic trioxide']
Chronic Myelogenous Leukemia,philadelphia chromosome-positive chronic myeloid leukemia (Ph+ CML),philadelphia chromosome-positive chronic myelogenous leukemia,['BCR::ABL1'],['Asciminib']
Non-Small Cell Lung Cancer,metastatic non-squamous non-small cell lung cancer,metastatic non-squamous non-small cell lung cancer,"['Wild type EGFR', 'Wild type ALK']","['Carboplatin', 'Paclitaxel', 'Bevacizumab', 'Atezolizumab']"
Melanoma,unresectable or metastatic melanoma,unresectable or metastatic melanoma,['BRAF p.V600E'],"['Vemurafenib', 'Cobimetinib', 'Atezolizumab']"
Gastrointestinal Stromal Tumor,unresectable or metastatic GIST,unresectable or metastatic gastrointestinal stromal tumor,['PDGFRA p.D842V'],['Avapritinib']
Acute Lymphoid Leukemia,b-cell precursor acute lymphoblastic leukemia (ALL),b-cell precursor acute lymphoid leukemia,['CD19 +'],['Blinatumomab']
Acute Lymphoid Leukemia,b-cell precusor acute lymphoblastic leukemia (ALL),b-cell acute lymphoid leukemia,"['BCR::ABL1', 'CD19 +']",['Blinatumomab']
Chronic Myelogenous Leukemia,philadelphia chromosome-positive chronic myelogenous leukemia (CML),philadelphia chromosome-positive chronic myelogenous leukemia,['BCR::ABL1'],['Bosutinib']
Anaplastic Large Cell Lymphoma,"systemic anaplastic large cell lymphoma (sALCL) or other CD30-expressing peripheral T-cell lymphomas (PTCL), including angioimmunoblastic T-cell lymphoma and PTCL not otherwise specified",systemic anaplastic large cell lymphoma,['CD30 +'],"['Doxorubicin', 'Prednisone', 'Brentuximab vedotin', 'Cyclophosphamide']"
Anaplastic Large Cell Lymphoma,cutaneous analastplci large cell lymphoma (pcALCL) or CD30-expressing mycosis fungoides (MF),cutaneous anaplastic large cell lymphoma,['CD30 +'],['Brentuximab vedotin']
Adenocarcinoma of the Gastroesophageal Junction,metastatic gastric or gastroesophageal junction adenocarcinoma,metastatic adenocarcinoma of the gastroesophageal junction,['HER2-positive'],['Capecitabine']
Invasive Breast Carcinoma,locally advanced or metastatic breast cancer,locally advanced or metastatic invasive breast carcinoma,"['HER2-negative', 'ER positive', 'PIK3CA somatic variants']","['Fulvestrant', 'Capivasertib']"
Colorectal Adenocarcinoma,metastatic colorectal cancer,metastatic colorectal adenocarcinoma,"['EGFR positive', 'Wild type KRAS']","['Fluorouracil', 'Irinotecan', 'Cetuximab']"
Anaplastic Large Cell Lymphoma,anaplastic large cell lymphoma (ALCL),anaplastic large cell lymphoma,['v::ALK'],['Crizotinib']
Inflammatory Myofibroblastic Tumor,"unresectable, recurrent, or refractory inflammatory myofibroblastic tumor (IMT)","unresectable, recurrent, or refractory inflammatory myofibroblastic tumor",['v::ALK'],['Crizotinib']
Melanoma,melanoma,melanoma,['BRAF p.V600E'],"['Trametinib', 'Dabrafenib']"
Anaplastic Thyroid Cancer,locally advanced or metastatic anaplastic thyroid cancer (ATC),locally advanced or metastatic anaplastic thyroid cancer,['BRAF p.V600E'],"['Trametinib', 'Dabrafenib']"
Any solid tumor,unresectable or metastatic solid tumors,unresectable or metastatic any solid tumor,['BRAF p.V600E'],"['Trametinib', 'Dabrafenib']"
"Low-Grade Glioma, NOS",low-grade glioma (LGG),"low-grade glioma, nos",['BRAF p.V600E'],"['Trametinib', 'Dabrafenib']"
Chronic Myelogenous Leukemia,philadelphia chromosome-positive (Ph+) chronic myeloid leukemia (CML),philadelphia chromosome-positive chronic myelogenous leukemia,['BCR::ABL1'],['Dasatinib']
"Chronic Myeloid Leukemia, BCR-ABL1+",philadelphia chromosome-positive (Ph+) chronic myeloid leukemia (CML),"philadelphia chromosome-positive chronic myeloid leukemia, bcr-abl1+",['BCR::ABL1'],['Dasatinib']
Chronic Myelogenous Leukemia,"chronic, accelerated, or myeloid or lymphoid blast phase Ph+ CML","chronic, accelerated, or myeloid or lymphoid blast phase ph+ chronic myelogenous leukemia",['BCR::ABL1'],['Dasatinib']
"Chronic Myeloid Leukemia, BCR-ABL1+","chronic, accelerated, or myeloid or lymphoid blast phase Ph+ CML","chronic, accelerated, or myeloid or lymphoid blast phase ph+ chronic myeloid leukemia, bcr-abl1+",['BCR::ABL1'],['Dasatinib']
Acute Lymphoid Leukemia,philadelphia chromosome-positive acute lymphoblastic leukemia (Ph+ ALL),philadelphia chromosome-positive acute lymphoid leukemia,['BCR::ABL1'],['Dasatinib']
Chronic Myelogenous Leukemia,philadelphia chromosome-positive CML,philadelphia chromosome-positive chronic myelogenous leukemia,['BCR::ABL1'],['Dasatinib']
"Chronic Myeloid Leukemia, BCR-ABL1+",philadelphia chromosome-positive CML,"philadelphia chromosome-positive chronic myeloid leukemia, bcr-abl1+",['BCR::ABL1'],['Dasatinib']
Acute Lymphoid Leukemia,philadelphia chromosome-positive ALL,philadelphia chromosome-positive acute lymphoid leukemia,['BCR::ABL1'],['Dasatinib']
Endometrial Carcinoma,primary advanced or recurrent endometrial cancer,primary advanced or recurrent endometrial carcinoma,['dMMR'],"['Carboplatin', 'Dostarlimab', 'Paclitaxel']"
Endometrial Carcinoma,recurrent or advanced endometrial cancer,recurrent or advanced endometrial carcinoma,['dMMR'],['Dostarlimab']
Any solid tumor,recurrent or advanced solid tumors,recurrent or advanced any solid tumor,['dMMR'],['Dostarlimab']
Acute Myeloid Leukemia,relapsed or refractory acute myeloid leukemia (AML),relapsed or refractory acute myeloid leukemia,['IDH2 p.R140Q'],['Enasidenib']
Any solid tumor,solid tumors,any solid tumor,['v::NTRK1'],['Entrectinib']
Bladder Urothelial Carcinoma,locally advanced or metastatic urothelial carcinoma (mUC),locally advanced or metastatic bladder urothelial carcinoma,['FGFR3 p.R248C'],['Erdafitinib']
Invasive Breast Carcinoma,breast cancer,invasive breast carcinoma,"['HER2-negative', 'ER positive']","['Exemestane', 'Everolimus']"
Intrahepatic Cholangiocarcinoma,"unresectable, locally or metastatic intrahepatic cholangiocarcinoma","unresectable, locally or metastatic intrahepatic cholangiocarcinoma",['FGFR2::v'],['Futibatinib']
Acute Lymphoid Leukemia,acute myeloid leukemia,acute lymphoid leukemia,['CD33 +'],['Gemtuzumab ozogamicin']
Acute Lymphoid Leukemia,relapsed or refractory acute myeloid leukemia,relapsed or refractory acute lymphoid leukemia,['FLT3-ITD'],['Gilteritinib']
Chronic Myelogenous Leukemia,philadelphia chromosome-positive chronic myeloid leukemia,philadelphia chromosome-positive chronic myelogenous leukemia,['BCR::ABL1'],['Imatinib']
"Chronic Myeloid Leukemia, BCR-ABL1+",philadelphia chromosome-positive chronic myeloid leukemia,"philadelphia chromosome-positive chronic myeloid leukemia, bcr-abl1+",['BCR::ABL1'],['Imatinib']
Acute Lymphoid Leukemia,philadelphia chromosome-positive acute lymphoblastic leukemia,philadelphia chromosome-positive acute lymphoid leukemia,['BCR::ABL1'],['Imatinib']
Myelodysplastic Syndromes,myelodyplastic/myeloproliferative diseases (MDS/MPD),myelodysplastic syndromes,['PDGFRA rearrangements'],['Imatinib']
Aggressive Systemic Mastocytosis,aggressive systemic mastocytosis (ASM),aggressive systemic mastocytosis,['KIT p.D816V'],['Imatinib']
"Chronic Eosinophilic Leukemia, NOS",hypereosinophilic syndrome (HES) and/or chronic eosinophilic leukemia (CEL),"chronic eosinophilic leukemia, nos",['FIP1L1::PDGFRA'],['Imatinib']
Gastrointestinal Stromal Tumor,unresectable and/or metastatic maligant gastrointestinal stromal tumors (GIST),unresectable and/or metastatic maligant gastrointestinal stromal tumor,['CD117 +'],['Imatinib']
Gastrointestinal Stromal Tumor,GIST,gastrointestinal stromal tumor,['FIP1L1::PDGFRA'],['Imatinib']
Cholangiocarcinoma,unresectable locally advanced or metastatic cholangiocarcinoma,unresectable locally advanced or metastatic cholangiocarcinoma,['FGFR2::v'],['Infigratinib']
Acute Lymphoid Leukemia,B-cell precursor acute lymphoblastic leukemia (ALL),b-cell precursor acute lymphoid leukemia,['CD22 +'],['Inotuzumab ozogamicin']
Non-Small Cell Lung Cancer,metastatic or recurrent non-small cell lung cancer,metastatic or recurrent non-small cell lung cancer,"['Wild type EGFR', 'Wild type ALK']","['Carboplatin', 'Nivolumab', 'Ipilimumab', 'Pemetrexed']"
Acute Myeloid Leukemia,acute myeloid leukemia,acute myeloid leukemia,['IDH1 p.R132C'],['Ivosidenib']
Acute Myeloid Leukemia,relapsed or refractory AML,relapsed or refractory acute myeloid leukemia,['IDH1 p.R132C'],['Ivosidenib']
Myelodysplastic Syndromes,relapsed or refractory myelodysplastic syndromes,relapsed or refractory myelodysplastic syndromes,['IDH1 p.R132C'],['Ivosidenib']
Cholangiocarcinoma,locally advanced or metastatic cholangiocarcinoma,locally advanced or metastatic cholangiocarcinoma,['IDH1 p.R132C'],['Ivosidenib']
Myelodysplastic Syndromes,transfusion-dependent anemia due to low- or intermediate-1-risk myelodysplastic syndromes (MDS),transfusion-dependent anemia due to low- or intermediate-1-risk myelodysplastic syndromes,['5q deletion'],['Lenalidomide']
Invasive Breast Carcinoma,early-stage breast cancer,early-stage invasive breast carcinoma,['HER2-positive'],['Neratinib']
Chronic Myelogenous Leukemia,philadelphia chromosome-positive chronic myeloid (Ph+ CML),philadelphia chromosome-positive chronic myelogenous leukemia,['BCR::ABL1'],['Nilotinib']
"Chronic Myeloid Leukemia, BCR-ABL1+",philadelphia chromosome-positive chronic myeloid (Ph+ CML),"philadelphia chromosome-positive chronic myeloid leukemia, bcr-abl1+",['BCR::ABL1'],['Nilotinib']
Chronic Myelogenous Leukemia,chronic phase or accelerated phase Ph+ CML,chronic phase or accelerated phase ph+ chronic myelogenous leukemia,['BCR::ABL1'],['Nilotinib']
"Chronic Myeloid Leukemia, BCR-ABL1+",chronic phase or accelerated phase Ph+ CML,"chronic phase or accelerated phase ph+ chronic myeloid leukemia, bcr-abl1+",['BCR::ABL1'],['Nilotinib']
Ovarian Epithelial Tumor,"recurrent epithelial ovarian, fallopian tubem or primary peritoneal cancer",recurrent ovarian epithelial tumor,['BRCA1 pathogenic variants'],['Niraparib']
High-Grade Serous Fallopian Tube Cancer,"recurrent epithelial ovarian, fallopian tubem or primary peritoneal cancer",recurrent high-grade serous fallopian tube cancer,['BRCA1 pathogenic variants'],['Niraparib']
Peritoneal Serous Carcinoma,"recurrent epithelial ovarian, fallopian tubem or primary peritoneal cancer",recurrent peritoneal serous carcinoma,['BRCA1 pathogenic variants'],['Niraparib']
Ovarian Epithelial Tumor,"advanced epithelial ovarian, fallopian tube or primary peritoneal cancer",advanced ovarian epithelial tumor,['BRCA1 oncogenic variants'],['Olaparib']
High-Grade Serous Fallopian Tube Cancer,"advanced epithelial ovarian, fallopian tube or primary peritoneal cancer",advanced high-grade serous fallopian tube cancer,['BRCA1 oncogenic variants'],['Olaparib']
Peritoneal Serous Carcinoma,"advanced epithelial ovarian, fallopian tube or primary peritoneal cancer",advanced peritoneal serous carcinoma,['BRCA1 oncogenic variants'],['Olaparib']
Ovarian Epithelial Tumor,"relapsed epithelial ovarian, fallopian tube or primary peritoneal cancer",relapsed ovarian epithelial tumor,['BRCA1 oncogenic variants'],['Olaparib']
High-Grade Serous Fallopian Tube Cancer,"relapsed epithelial ovarian, fallopian tube or primary peritoneal cancer",relapsed high-grade serous fallopian tube cancer,['BRCA1 oncogenic variants'],['Olaparib']
Peritoneal Serous Carcinoma,"relapsed epithelial ovarian, fallopian tube or primary peritoneal cancer",relapsed peritoneal serous carcinoma,['BRCA1 oncogenic variants'],['Olaparib']
Invasive Breast Carcinoma,high risk early breast cancer,high risk early invasive breast carcinoma,"['HER2-negative', 'BRCA1 pathogenic variants']",['Olaparib']
Pancreatic Adenocarcinoma,metastatic pancreatic adenocarcinoma,metastatic pancreatic adenocarcinoma,['BRCA1 pathogenic variants'],['Olaparib']
Head and Neck Squamous Cell Carcinoma,"metastatic or unresectable, recurrent HNSCC","metastatic or unresectable, recurrent head and neck squamous cell carcinoma",['PD-L1 (CPS) >= 1'],['Pembrolizumab']
Any solid tumor,unresectable or metastatic ... solid tumors,unresectable or metastatic any solid tumor,['dMMR'],['Pembrolizumab']
Colorectal Adenocarcinoma,unresectable or metastatic ... colorectal cancer,unresectable or metastatic colorectal adenocarcinoma,['dMMR'],['Pembrolizumab']
Adenocarcinoma of the Gastroesophageal Junction,locally advanced unresectable or metastatic ... gastric or gastroesophageal junction (GEJ) adenocracinoma,locally advanced unresectable or metastatic adenocarcinoma of the gastroesophageal junction,"['HER2-positive', 'PD-L1 (CPS) >= 1']","['Trastuzumab', 'Fluorouracil', 'Cisplatin', 'Pembrolizumab']"
Adenocarcinoma of the Gastroesophageal Junction,locally advanced unresectable or metastatic ... gastric or gastroesophageal junction (GEJ) adenocarcinoma,locally advanced unresectable or metastatic adenocarcinoma of the gastroesophageal junction,['HER2-negative'],"['Fluorouracil', 'Cisplatin', 'Pembrolizumab']"
Adenocarcinoma of the Gastroesophageal Junction,locally advanced or metastatic esophageal or gastroesophageal junction carcinoma,locally advanced or metastatic adenocarcinoma of the gastroesophageal junction,['PD-L1 (CPS) >= 10'],['Pembrolizumab']
Esophageal Adenocarcinoma,locally advanced or metastatic esophageal or gastroesophageal junction carcinoma,locally advanced or metastatic esophageal adenocarcinoma,['PD-L1 (CPS) >= 10'],['Pembrolizumab']
Cervical Adenocarcinoma,"persistent, recurrent, or metastatic cervical cancer","persistent, recurrent, or metastatic cervical adenocarcinoma",['PD-L1 (CPS) >= 1'],"['Paclitaxel', 'Cisplatin', 'Pembrolizumab']"
Cervical Squamous Cell Carcinoma,"persistent, recurrent, or metastatic cervical cancer","persistent, recurrent, or metastatic cervical squamous cell carcinoma",['PD-L1 (CPS) >= 1'],"['Paclitaxel', 'Cisplatin', 'Pembrolizumab']"
Cervical Adenocarcinoma,recurrent or metastatic cervical cancer,recurrent or metastatic cervical adenocarcinoma,['PD-L1 (CPS) >= 1'],['Pembrolizumab']
Cervical Squamous Cell Carcinoma,recurrent or metastatic cervical cancer,recurrent or metastatic cervical squamous cell carcinoma,['PD-L1 (CPS) >= 1'],['Pembrolizumab']
Endometrial Carcinoma,advanced endometrial carcinoma,advanced endometrial carcinoma,['MSI-L'],"['Lenvatinib', 'Pembrolizumab']"
Invasive Breast Carcinoma,high-risk early-stage triple-negative breast cancer,high-risk early-stage triple-negative invasive breast carcinoma,"['ER negative', 'PR negative', 'HER2-negative']","['Carboplatin', 'Doxorubicin', 'Paclitaxel', 'Cyclophosphamide', 'Pembrolizumab']"
Invasive Breast Carcinoma,locally recurrent unresectable or metastatic triple-negative breast cancer,locally recurrent unresectable or metastatic triple-negative invasive breast carcinoma,"['ER negative', 'PR negative', 'HER2-negative', 'PD-L1 (CPS) >= 10']","['Paclitaxel', 'Pembrolizumab']"
Myeloid/Lymphoid Neoplasms,relapsed or refractory myeloid/lymphoid neoplasms (MLNs),relapsed or refractory myeloid/lymphoid neoplasms,['FGFR1 rearrangements'],['Pemigatinib']
Invasive Breast Carcinoma,"locally advanced, inflammatory, or early stage breast cancer (either greater than 2 cm in diameter or node positive)","locally advanced, inflammatory, or early stage invasive breast carcinoma",['HER2-positive'],"['Trastuzumab', 'Doxorubicin', 'Paclitaxel', 'Pertuzumab', 'Cyclophosphamide']"
Invasive Breast Carcinoma,early stage breast cancer,early stage invasive breast carcinoma,['HER2-positive'],"['Trastuzumab', 'Fluorouracil', 'Paclitaxel', 'Pertuzumab', 'Epirubicin', 'Cyclophosphamide']"
Acute Lymphoid Leukemia,Ph+ ALL,acute lymphoid leukemia,['BCR::ABL1'],"['Prednisone', 'Ponatinib', 'Vincristine', 'Methotrexate', 'Cytarabine']"
Chronic Myelogenous Leukemia,CML,chronic myelogenous leukemia,['ABL1 p.T315I'],['Ponatinib']
Papillary Thyroid Cancer,advanced or metastatic... thyroid cancer,advanced or metastatic papillary thyroid cancer,['v::RET'],['Pralsetinib']
Non-Hodgkin Lymphoma,B-cell Non-Hodgkin's Lymphoma (NHL),b-cell non-hodgkin lymphoma,['CD20 +'],['Rituximab']
Non-Hodgkin Lymphoma,Non-Hodgkin's Lymphoma (NHL),non-hodgkin lymphoma,['CD20 +'],"['Doxorubicin', 'Prednisone', 'Vincristine', 'Rituximab', 'Cyclophosphamide']"
Non-Hodgkin Lymphoma,diffuse large B-cell Non-Hodgkin's Lymhpoma (NHL),diffuse large b-cell non-hodgkin lymphoma,['CD20 +'],"['Doxorubicin', 'Prednisone', 'Vincristine', 'Rituximab', 'Cyclophosphamide']"
Diffuse Large B-Cell Lymphoma,"mature B-cell NHL and mature B-cell acute leukemia (B-AL) previously untreated, advanced stage, CD20-positive, diffuse large B-cell lymphoma (DLBCL), Burkitt lymphoma (BL), Burkitt-like lymphoma (BLL) or mature B-cell acute leukemia (B-AL)","previously untreated, advanced stage, cd20-positive diffuse large b-cell lymphoma",['CD20 +'],"['Doxorubicin', 'Prednisone', 'Vincristine', 'Rituximab', 'Cyclophosphamide']"
Burkitt Lymphoma,"mature B-cell NHL and mature B-cell acute leukemia (B-AL) previously untreated, advanced stage, CD20-positive, diffuse large B-cell lymphoma (DLBCL), Burkitt lymphoma (BL), Burkitt-like lymphoma (BLL) or mature B-cell acute leukemia (B-AL)","previously untreated, advanced stage, cd20-positive burkitt lymphoma",['CD20 +'],"['Doxorubicin', 'Prednisone', 'Vincristine', 'Rituximab', 'Cyclophosphamide']"
Mature B-Cell Neoplasms,"mature B-cell NHL and mature B-cell acute leukemia (B-AL) previously untreated, advanced stage, CD20-positive, diffuse large B-cell lymphoma (DLBCL), Burkitt lymphoma (BL), Burkitt-like lymphoma (BLL) or mature B-cell acute leukemia (B-AL)","previously untreated, advanced stage, cd20-positive mature b-cell neoplasms",['CD20 +'],"['Doxorubicin', 'Prednisone', 'Vincristine', 'Rituximab', 'Cyclophosphamide']"
Chronic Lymphocytic Leukemia,Chronic Lymphocytic Leuekmia (CLL),chronic lymphocytic leukemia,['CD20 +'],"['Rituximab', 'Fludarabine', 'Cyclophosphamide']"
Ovarian Epithelial Tumor,"epithelial ovarian, fallopian tube, or primary peritoneal cancer",ovarian epithelial tumor,['BRCA1 oncogenic variants'],['Rucaparib']
High-Grade Serous Fallopian Tube Cancer,"epithelial ovarian, fallopian tube, or primary peritoneal cancer",high-grade serous fallopian tube cancer,['BRCA1 oncogenic variants'],['Rucaparib']
Peritoneal Serous Carcinoma,"epithelial ovarian, fallopian tube, or primary peritoneal cancer",peritoneal serous carcinoma,['BRCA1 oncogenic variants'],['Rucaparib']
Invasive Breast Carcinoma,unresectable locally advanced or metastatic triple-negative breast cancer (mTNBC),unresectable locally advanced or metastatic triple-negative invasive breast carcinoma,"['ER negative', 'PR negative', 'HER2-negative']",['Sacituzumab govitecan']
Invasive Breast Carcinoma,locally advanced or metastatic ... breast cancer,locally advanced or metastatic invasive breast carcinoma,"['HER2-negative', 'ER positive']",['Sacituzumab govitecan']
Medullary Thyroid Cancer,advanced or metastatic medullary thyroid cancer,advanced or metastatic medullary thyroid cancer,['RET oncogenic variants'],['Selpercatinib']
Anaplastic Thyroid Cancer,advanced or metastatic thyroid cancer,advanced or metastatic anaplastic thyroid cancer,['v::RET'],['Selpercatinib']
Any solid tumor,locally advanced or metastatic solid tumors,locally advanced or metastatic any solid tumor,['v::RET'],['Selpercatinib']
Anaplastic Thyroid Cancer,locally advanced or metastatic anaplastic thyroid cancer,locally advanced or metastatic anaplastic thyroid cancer,['BRAF p.V600E'],"['Trametinib', 'Dabrafenib']"
Gastrointestinal Stromal Tumor,metastatic gastric or gastroesophageal junction adenocarcinoma,metastatic gastrointestinal stromal tumor,['HER2-positive'],['Trastuzumab']
Invasive Breast Carcinoma,unresectable or metastatic breast cancer,unresectable or metastatic invasive breast carcinoma,['HER2-positive'],['Trastuzumab deruxtecan']
Invasive Breast Carcinoma,unresectable or metastatic ... breast cancer,unresectable or metastatic invasive breast carcinoma,['HER2-low'],['Trastuzumab deruxtecan']
Non-Small Cell Lung Cancer,unresectable or metastatic non-small cell lung cancer,unresectable or metastatic non-small cell lung cancer,['ERBB2 oncogenic variants'],['Trastuzumab deruxtecan']
Adenocarcinoma of the Gastroesophageal Junction,locally advanced or metastatic gastric or gastroesophageal junction adenocarcinoma,locally advanced or metastatic adenocarcinoma of the gastroesophageal junction,['HER2-positive'],['Trastuzumab deruxtecan']
Invasive Breast Carcinoma,advanced unresectable or metastatic breast cancer,unresectable or metastatic invasive breast carcinoma,['HER2-positive'],"['Trastuzumab', 'Capecitabine', 'Tucatinib']"
Non-Langerhans Cell Histiocytosis/Erdheim-Chester Disease,Erdheim-Chester Disease,non-langerhans cell histiocytosis/erdheim-chester disease,['BRAF p.V600E'],['Vemurafenib']
Follicular Lymphoma,follicular lymphoma,follicular lymphoma,['EZH2 p.Y646N'],['Tazemetostat']
Renal Angiomyolipoma,renal angiomyolipoma,renal angiomyolipoma,['TSC1 oncogenic variants'],['Everolimus']
Anaplastic Thyroid Cancer,subependymal giant cell astrocytoma,anaplastic thyroid cancer,['TSC1 oncogenic variants'],['Everolimus']
Ovarian Epithelial Tumor,"epithelial ovarian, fallopian tube, or primary peritoneal",ovarian epithelial tumor,['FOLR1 positive'],['Mirvetuximab soravtansine']
High-Grade Serous Fallopian Tube Cancer,"epithelial ovarian, fallopian tube, or primary peritoneal",high-grade serous fallopian tube cancer,['FOLR1 positive'],['Mirvetuximab soravtansine']
Peritoneal Serous Carcinoma,"epithelial ovarian, fallopian tube, or primary peritoneal",peritoneal serous carcinoma,['FOLR1 positive'],['Mirvetuximab soravtansine']
Colorectal Adenocarcinoma,colorectal cancer,colorectal adenocarcinoma,['KRAS p.G12C'],"['Adagrasib', 'Cetuximab']"
Astrocytoma,astrocytoma or oligodendroglioma,astrocytoma,['IDH1 p.R132C'],['Vorasidenib']
Oligodendroglioma,astrocytoma or oligodendroglioma,oligodendroglioma,['IDH1 p.R132C'],['Vorasidenib']
Adenocarcinoma of the Gastroesophageal Junction,gastric or gastroesophageal junction adenocarcinoma,adenocarcinoma of the gastroesophageal junction,"['HER2-negative', 'CLDN18.2 >= 75%']","['Oxaliplatin', 'Fluorouracil', 'Zolbetuximab']"
Intraductal Papillary Neoplasm of the Bile Duct,biliary tract cancer (BTC),intraductal papillary neoplasm of the bile duct,['HER2-positive'],['Zanidatamab']
Intracholecystic Papillary Neoplasm,biliary tract cancer (BTC),intracholecystic papillary neoplasm,['HER2-positive'],['Zanidatamab']
Cholangiocarcinoma,biliary tract cancer (BTC),cholangiocarcinoma,['HER2-positive'],['Zanidatamab']
Pancreatic Adenocarcinoma,pancreatic adenocarcinoma,pancreatic adenocarcinoma,['v::NRG1'],['Zenocutuzumab']
"Chronic Myeloid Leukemia, BCR-ABL1+",philadelphia chromosome-positive chronic myeloid leukemia (Ph+ CML),"philadelphia chromosome-positive chronic myeloid leukemia, bcr-abl1+",['BCR::ABL1'],['Asciminib']
Acute Lymphoid Leukemia,acute leukemia,acute lymphoid leukemia,['t(KMT2A;v)'],['Revumenib']
Acute Myeloid Leukemia,acute leukemia,acute myeloid leukemia,['t(KMT2A;v)'],['Revumenib']
Burkitt Lymphoma,acute leukemia,burkitt lymphoma,['t(KMT2A;v)'],['Revumenib']
Acute Leukemias of Ambiguous Lineage,acute leukemia,acute leukemias of ambiguous lineage,['t(KMT2A;v)'],['Revumenib']
Lung Non-Squamous Non-Small Cell Carcinoma,non-squamous non-small cell lung cancer,lung non-squamous non-small cell carcinoma,['c-Met >= 50%'],['Telisotuzumab Vedotin']
Low-Grade Serous Ovarian Cancer,low-grade serous ovarian cancer (LGSOC),low-grade serous ovarian cancer,['KRAS p.G12C'],"['Avutometinib', 'Defactinib']"
Chronic Myelogenous Leukemia,Ph+ CML-CP and CML-AP,chronic myelogenous leukemia,['BCR::ABL1'],['Nilotinib']
"Chronic Myeloid Leukemia, BCR-ABL1+",Ph+ CML-CP and CML-AP,"chronic myeloid leukemia, bcr-abl1+",['BCR::ABL1'],['Nilotinib']
Head and Neck Squamous Cell Carcinoma,head and neck squamous cell cancer,head and neck squamous cell carcinoma,['PD-L1 (CPS) >= 1'],['Pembrolizumab']
Invasive Breast Carcinoma,non-small cell lung cancer,invasive breast carcinoma,['EGFR Exon 20 (Insertion)'],['Datopotamab deruxtecan']
Non-Small Cell Lung Cancer,breast cancer,non-small cell lung cancer,"['PR positive', 'HER2-negative']",['Datopotamab deruxtecan']
Non-Small Cell Lung Cancer,non-small cell lung cancer (NSCLC),non-small cell lung cancer,['EGFR Exon 20 (Insertion)'],['Sunvozertinib']
